DATE,compound,gas_prices,consumer_sentiments,unemployment_rate,dow_index,Consumer_debt_service,Pct_chng_prv_yr,Sales,GDP
11/1/1992,0.8121,1.1112,85.3,7.4,91.12,4.6602120000000005,4.4,-18182.993040493748,-576.1094474839992
11/1/1993,0.762175,1.0664,81.2,6.6,96.43,4.755414,2.6,-15860.780981956195,-676.8040249327732
11/1/1994,0.6671,1.11575,91.6,5.6,89.19,5.120072,4.1,-12429.204552768322,-618.3545339768734
11/1/1995,0.48553333299999996,1.06225,88.2,5.6,85.37,5.594352,2.2,-14721.986394166044,-742.9789036960283
11/1/1996,0.7226,1.23225,99.2,5.4,87.88,5.777011,4.4,-14186.080894539831,-621.6695915862456
11/1/1997,0.85595,1.17075,107.2,4.6,97.81,5.705666000000001,4.5,-15907.24120078364,-467.952693328707
11/1/1998,0.34853333299999995,0.9954,102.7,4.4,96.18,5.761093,4.9,-14045.354159232433,-239.84776110986058
11/1/1999,0.3739,1.2514,107.2,4.1,101.91,5.95983,4.8,-4767.364590470534,15.527123317184305
11/1/2000,0.3271,1.51725,107.6,3.9,115.1,6.341266,3.0,-4842.438968732808,73.97078305000832
11/1/2001,-0.16125,1.1705,83.9,5.5,115.55,6.712248,0.2,-4182.764165385102,-216.9416632658831
11/1/2002,0.5859,1.419,84.2,5.9,106.5,6.502536,2.1,-10241.500527437835,-234.42132872438742
11/1/2003,0.5789,1.5119999999999998,93.7,5.8,90.28,6.371153,4.3,-4139.19417429826,74.69626212012372
11/1/2004,0.05795,1.9794,92.8,5.4,81.82,6.237751,3.3,5678.009712456085,282.28009804373505
11/1/2005,0.408385714,2.25675,81.6,5.0,91.51,6.10349,3.1,15391.552947606542,505.84648265870237
11/1/2006,0.041875,2.22925,92.1,4.5,82.85,5.919763,2.6,18748.328589864075,688.9832945160069
11/1/2007,0.08545714300000001,3.08,76.1,4.7,76.17,6.00891,2.0,30654.609977347427,814.9402581149607
11/1/2008,0.41938000000000003,2.147,55.3,6.8,86.705,5.864669999999999,-2.8,-14172.047257193597,231.751483395803
11/1/2009,0.29765,2.6514,67.4,9.9,74.935,5.417978,0.2,-12957.246612244518,141.57874263745907
11/1/2010,0.37835,2.859,71.6,9.8,81.271,5.027983,2.6,4820.265943244565,450.05396344172914
11/1/2011,0.0,3.38375,63.7,8.6,78.491,5.0136449999999995,1.6,24356.842719456414,650.5345866962743
11/1/2012,0.149275,3.45175,82.7,7.7,80.163,4.877597,1.5,36892.823360359005,866.3517695615938
11/1/2013,0.4582,3.24275,75.1,6.9,80.657,5.210367,2.6,47667.32448322058,1305.7270850814893
11/1/2014,0.115883333,2.91225,88.8,5.8,88.413,5.296709,2.9,66604.40469070897,1833.807636443793
11/1/2015,0.388111111,2.158,91.3,5.1,100.21,5.399252,2.2,73353.33050768985,2286.2834474081374
11/1/2016,0.0,2.1815,93.8,4.7,101.539,5.59175,2.1,87065.74070609722,2760.399411961398
11/1/2017,0.49942,2.5635,98.5,4.2,93.00200000000001,5.576678,2.7,116289.42822629766,3382.5564969357984
11/1/2018,0.327625,2.64725,97.5,3.7,97.196,5.52013,2.5,136264.76992071647,3997.4894195310935
11/1/2019,0.0,2.59775,96.8,3.5,98.20200000000001,5.6141309999999995,2.3,155602.46174913755,4612.023799136463
12/1/1992,0.45885714299999997,1.0775,91.0,7.4,93.87,4.6602120000000005,4.4,-143836.9658098555,-4628.850175746125
12/1/1993,0.50055,1.014,88.2,6.5,97.46,4.755414,2.6,-125760.23381627246,-4202.521831489174
12/1/1994,0.36666666700000006,1.0905,95.1,5.5,88.69,5.120072,4.1,-107366.1652264921,-3636.164463105346
12/1/1995,-0.133071429,1.07125,91.0,5.6,84.83,5.594352,2.2,-93826.98285075813,-3280.1217894626297
12/1/1996,0.37852857100000004,1.2352,96.9,5.4,87.86,5.777011,4.4,-79945.80564604752,-2711.6259266395737
12/1/1997,0.3624,1.1314,102.1,4.7,99.57,5.705666000000001,4.5,-69531.11070505576,-2148.856914596314
12/1/1998,0.684171429,0.945,100.5,4.4,93.96,5.761093,4.9,-54482.40899194946,-1553.182027088831
12/1/1999,0.393728571,1.2725,105.4,4.0,101.53,5.95983,4.8,-32070.75452670484,-974.0165023014961
12/1/2000,0.1875125,1.44275,98.4,3.9,109.28,6.341266,3.0,-27909.14982367796,-637.0378396517444
12/1/2001,-0.107625,1.0859999999999999,88.8,5.7,117.21,6.712248,0.2,-24116.553175645648,-695.528778243066
12/1/2002,0.138055556,1.3858,86.7,6.0,102.26,6.502536,2.1,-17873.47965674498,-527.1139085291707
12/1/2003,0.40045714299999996,1.4788,92.6,5.7,87.26,6.371153,4.3,-10306.371495378087,-78.74311547736215
12/1/2004,0.58515,1.841,97.1,5.4,81.0,6.237751,3.3,6826.500004838337,221.5211621378894
12/1/2005,0.909933333,2.185,91.5,4.9,90.96,6.10349,3.1,14695.305022472283,491.35969998928886
12/1/2006,0.155633333,2.31275,91.7,4.4,83.43,5.919763,2.6,21482.947173588735,674.5628230232069
12/1/2007,0.151166667,3.0184,75.5,5.0,76.7,6.00891,2.0,23554.145508613554,754.5917563735184
12/1/2008,0.27562,1.6869999999999998,60.1,7.3,82.15,5.864669999999999,-2.8,-26505.807764010737,79.70112340971355
12/1/2009,0.523625,2.60725,72.5,9.9,78.22,5.417978,0.2,-20602.341776784742,-147.68907234645667
12/1/2010,0.144425,2.9930000000000003,74.5,9.3,79.288,5.027983,2.6,-8292.319532356225,-21.593640575374593
12/1/2011,0.1424375,3.26575,69.9,8.5,80.52199999999999,5.0136449999999995,1.6,2456.2724302373244,-48.12108528719
12/1/2012,0.38201666700000003,3.3104,72.9,7.9,79.87100000000001,4.877597,1.5,6906.630271666334,-103.11141446669535
12/1/2013,-0.298725,3.2764,82.5,6.7,80.189,5.210367,2.6,8986.414982332615,22.922439579633647
12/1/2014,0.245875,2.5426,93.6,5.6,90.647,5.296709,2.9,10382.970908718533,196.99898917938845
12/1/2015,-0.4215,2.0375,92.6,5.0,98.745,5.399252,2.2,8444.025887942116,257.4814201353911
12/1/2016,0.30265,2.25425,98.2,4.7,102.286,5.59175,2.1,13296.8184003036,305.3107938822541
12/1/2017,0.0,2.47675,95.9,4.1,91.82600000000001,5.576678,2.7,23557.309409923095,471.85224596698026
12/1/2018,0.3466,2.3656,98.3,3.9,95.735,5.52013,2.5,14725.149369420484,608.3390926904103
12/1/2019,0.222725,2.555,99.3,3.5,96.05799999999999,5.6141309999999995,2.3,28358.265413034824,729.9147426996569
